{
  "results_found": 4681,
  "results_start": 0,
  "results_shown": 20,
  "restaurants": [
    {
      "restaurant": {
        "R": {
          "res_id": 18398880
        },
        "apikey": "17c54ee1c83130dcb0acbe2b56d4896f",
        "id": "18398880",
        "name": "JW Kitchen - JW Marriott",
        "url": "https://www.zomato.com/kolkata/jw-kitchen-jw-marriott-science-city-area?utm_source=api_basic_user&utm_medium=api&utm_campaign=v2.1",
        "location": {
          "address": "JW Marriott, 4A, J.B.S Haldane Avenue, Science City Area, Kolkata",
          "locality": "JW Marriott, Science City Area",
          "city": "Kolkata",
          "city_id": 2,
          "latitude": "22.5484210000",
          "longitude": "88.3999601000",
          "zipcode": "",
          "country_id": 1,
          "locality_verbose": "JW Marriott, Science City Area, Kolkata"
        },
        "switch_to_order_menu": 0,
        "cuisines": "North Indian, European, Mediterranean, Thai",
        "average_cost_for_two": 2000,
        "price_range": 4,
        "currency": "Rs.",
        "offers": [],
        "thumb": "https://b.zmtcdn.com/data/pictures/0/18398880/5f47136deb48c35d1b248308454d54a5_featured_v2.jpg",
        "user_rating": {
          "aggregate_rating": "4.3",
          "rating_text": "Very Good",
          "rating_color": "5BA829",
          "votes": "271"
        },
        "photos_url": "https://www.zomato.com/kolkata/jw-kitchen-jw-marriott-science-city-area/photos?utm_source=api_basic_user&utm_medium=api&utm_campaign=v2.1#tabtop",
        "menu_url": "https://www.zomato.com/kolkata/jw-kitchen-jw-marriott-science-city-area/menu?utm_source=api_basic_user&utm_medium=api&utm_campaign=v2.1&openSwipeBox=menu&showMinimal=1#tabtop",
        "featured_image": "https://b.zmtcdn.com/data/pictures/0/18398880/5f47136deb48c35d1b248308454d54a5_featured_v2.jpg",
        "has_online_delivery": 0,
        "is_delivering_now": 0,
        "deeplink": "zomato://restaurant/18398880",
        "has_table_booking": 1,
        "book_url": "https://www.zomato.com/kolkata/jw-kitchen-jw-marriott-science-city-area/book?utm_source=api_basic_user&utm_medium=api&utm_campaign=v2.1",
        "events_url": "https://www.zomato.com/kolkata/jw-kitchen-jw-marriott-science-city-area/events#tabtop?utm_source=api_basic_user&utm_medium=api&utm_campaign=v2.1",
        "establishment_types": []
      }
    },
    {
      "restaurant": {
        "R": {
          "res_id": 20404
        },
        "apikey": "17c54ee1c83130dcb0acbe2b56d4896f",
        "id": "20404",
        "name": "Peter Cat",
        "url": "https://www.zomato.com/kolkata/peter-cat-park-street-area?utm_source=api_basic_user&utm_medium=api&utm_campaign=v2.1",
        "location": {
          "address": "18A, Park Street, Park Street Area, Kolkata",
          "locality": "Park Street Area",
          "city": "Kolkata",
          "city_id": 2,
          "latitude": "22.5524359340",
          "longitude": "88.3527602255",
          "zipcode": "0",
          "country_id": 1,
          "locality_verbose": "Park Street Area, Kolkata"
        },
        "switch_to_order_menu": 0,
        "cuisines": "Continental, North Indian",
        "average_cost_for_two": 1000,
        "price_range": 3,
        "currency": "Rs.",
        "offers": [],
        "thumb": "https://b.zmtcdn.com/data/pictures/4/20404/c46422afc522370cdce81a412a9cdbe5_featured_v2.jpg",
        "user_rating": {
          "aggregate_rating": "4.3",
          "rating_text": "Very Good",
          "rating_color": "5BA829",
          "votes": "7409"
        },
        "photos_url": "https://www.zomato.com/kolkata/peter-cat-park-street-area/photos?utm_source=api_basic_user&utm_medium=api&utm_campaign=v2.1#tabtop",
        "menu_url": "https://www.zomato.com/kolkata/peter-cat-park-street-area/menu?utm_source=api_basic_user&utm_medium=api&utm_campaign=v2.1&openSwipeBox=menu&showMinimal=1#tabtop",
        "featured_image": "https://b.zmtcdn.com/data/pictures/4/20404/c46422afc522370cdce81a412a9cdbe5_featured_v2.jpg",
        "has_online_delivery": 1,
        "is_delivering_now": 1,
        "deeplink": "zomato://restaurant/20404",
        "order_url": "https://www.zomato.com/kolkata/peter-cat-park-street-area/order?utm_source=api_basic_user&utm_medium=api&utm_campaign=v2.1",
        "order_deeplink": "",
        "has_table_booking": 0,
        "events_url": "https://www.zomato.com/kolkata/peter-cat-park-street-area/events#tabtop?utm_source=api_basic_user&utm_medium=api&utm_campaign=v2.1",
        "establishment_types": []
      }
    },
    {
      "restaurant": {
        "R": {
          "res_id": 20842
        },
        "apikey": "17c54ee1c83130dcb0acbe2b56d4896f",
        "id": "20842",
        "name": "Barbeque Nation",
        "url": "https://www.zomato.com/kolkata/barbeque-nation-sector-5-salt-lake?utm_source=api_basic_user&utm_medium=api&utm_campaign=v2.1",
        "location": {
          "address": "K1, RDB Boulevard, Block EP & GP, Sector 5, Salt Lake",
          "locality": "Sector 5, Salt Lake",
          "city": "Kolkata",
          "city_id": 2,
          "latitude": "22.5690940286",
          "longitude": "88.4331443533",
          "zipcode": "0",
          "country_id": 1,
          "locality_verbose": "Sector 5, Salt Lake, Kolkata"
        },
        "switch_to_order_menu": 0,
        "cuisines": "North Indian, Chinese",
        "average_cost_for_two": 1600,
        "price_range": 3,
        "currency": "Rs.",
        "offers": [],
        "thumb": "https://b.zmtcdn.com/data/pictures/chains/2/20842/b53d903894e2fe2e49ca0e8671e40546_featured_v2.jpg",
        "user_rating": {
          "aggregate_rating": "4.9",
          "rating_text": "Excellent",
          "rating_color": "3F7E00",
          "votes": "5890"
        },
        "photos_url": "https://www.zomato.com/kolkata/barbeque-nation-sector-5-salt-lake/photos?utm_source=api_basic_user&utm_medium=api&utm_campaign=v2.1#tabtop",
        "menu_url": "https://www.zomato.com/kolkata/barbeque-nation-sector-5-salt-lake/menu?utm_source=api_basic_user&utm_medium=api&utm_campaign=v2.1&openSwipeBox=menu&showMinimal=1#tabtop",
        "featured_image": "https://b.zmtcdn.com/data/pictures/chains/2/20842/b53d903894e2fe2e49ca0e8671e40546_featured_v2.jpg",
        "has_online_delivery": 0,
        "is_delivering_now": 0,
        "deeplink": "zomato://restaurant/20842",
        "has_table_booking": 0,
        "events_url": "https://www.zomato.com/kolkata/barbeque-nation-sector-5-salt-lake/events#tabtop?utm_source=api_basic_user&utm_medium=api&utm_campaign=v2.1",
        "establishment_types": []
      }
    },
    {
      "restaurant": {
        "R": {
          "res_id": 18017615
        },
        "apikey": "17c54ee1c83130dcb0acbe2b56d4896f",
        "id": "18017615",
        "name": "What's Up",
        "url": "https://www.zomato.com/kolkata/whats-up-southern-avenue?utm_source=api_basic_user&utm_medium=api&utm_campaign=v2.1",
        "location": {
          "address": "122A, Southern Avenue, Kolkata",
          "locality": "Southern Avenue",
          "city": "Kolkata",
          "city_id": 2,
          "latitude": "22.5141185869",
          "longitude": "88.3625043556",
          "zipcode": "",
          "country_id": 1,
          "locality_verbose": "Southern Avenue, Kolkata"
        },
        "switch_to_order_menu": 0,
        "cuisines": "Cafe, Chinese, Continental",
        "average_cost_for_two": 1000,
        "price_range": 3,
        "currency": "Rs.",
        "offers": [],
        "zomato_events": [
          {
            "event": {
              "event_id": 92171,
              "friendly_start_date": "01 January",
              "friendly_end_date": "31 December",
              "start_date": "2017-01-01",
              "end_date": "2017-12-31",
              "end_time": "20:00:00",
              "start_time": "17:00:00",
              "is_active": 1,
              "date_added": "2016-12-05 13:01:51",
              "photos": [
                {
                  "photo": {
                    "url": "https://b.zmtcdn.com/data/zomato_events/photos/0b5/eeae270fe24e31cf4027da8a91ec70b5_1484029405.jpg",
                    "thumb_url": "https://b.zmtcdn.com/data/zomato_events/photos/0b5/eeae270fe24e31cf4027da8a91ec70b5_1484029405.jpg?fit=around%7C100%3A100&crop=100%3A100%3B%2A%2C%2A",
                    "order": 0,
                    "md5sum": "eeae270fe24e31cf4027da8a91ec70b5",
                    "photo_id": 162461,
                    "uuid": 1484029403421385,
                    "type": "NORMAL"
                  }
                }
              ],
              "restaurants": [],
              "is_valid": 1,
              "share_url": "http://www.zoma.to/r/18017615",
              "title": "TRIPPY TUESDAY",
              "description": "WHAT'S UP! has always aimed at bringing to you the best of experiences from across the world. Keeping in tune, we now present Trippy Tuesdays. Sit back and enjoy amazing performances by talented singers & musicians with select cocktails on the house for all the ladies on all Tuesdays Starting 6th December, 2015.\r\n\r\nTrippy Tuesday is a combination of 2 properties :\r\n\r\n1. Live performance by Diptarka - lead singer of Hip Pocket\r\n2. Ladies Night - select cocktails on the house for ladies\r\n\r\nSelect cocktail will include:\r\n\r\nCosmopolitan\r\nSex on the beach\r\nScrewdriver\r\nCaprioska\r\nPina Colada\r\nMojito\r\nAdam and Eve\r\nPink Lady",
              "display_time": "05:00 pm - 08:00 pm",
              "display_date": "01 January - 31 December",
              "is_end_time_set": 1,
              "disclaimer": "Restaurants are solely responsible for the service; availability and quality of the events including all or any cancellations/ modifications/ complaints.",
              "event_category": 0,
              "event_category_name": "",
              "book_link": ""
            }
          }
        ],
        "thumb": "https://b.zmtcdn.com/data/pictures/5/18017615/2161c22b7f6d739f29dad73b82877d32_featured_v2.jpg",
        "user_rating": {
          "aggregate_rating": "4.1",
          "rating_text": "Very Good",
          "rating_color": "5BA829",
          "votes": "1016"
        },
        "photos_url": "https://www.zomato.com/kolkata/whats-up-southern-avenue/photos?utm_source=api_basic_user&utm_medium=api&utm_campaign=v2.1#tabtop",
        "menu_url": "https://www.zomato.com/kolkata/whats-up-southern-avenue/menu?utm_source=api_basic_user&utm_medium=api&utm_campaign=v2.1&openSwipeBox=menu&showMinimal=1#tabtop",
        "featured_image": "https://b.zmtcdn.com/data/pictures/5/18017615/2161c22b7f6d739f29dad73b82877d32_featured_v2.jpg",
        "has_online_delivery": 0,
        "is_delivering_now": 0,
        "deeplink": "zomato://restaurant/18017615",
        "has_table_booking": 1,
        "book_url": "https://www.zomato.com/kolkata/whats-up-southern-avenue/book?utm_source=api_basic_user&utm_medium=api&utm_campaign=v2.1",
        "events_url": "https://www.zomato.com/kolkata/whats-up-southern-avenue/events#tabtop?utm_source=api_basic_user&utm_medium=api&utm_campaign=v2.1",
        "establishment_types": []
      }
    },
    {
      "restaurant": {
        "R": {
          "res_id": 25570
        },
        "apikey": "17c54ee1c83130dcb0acbe2b56d4896f",
        "id": "25570",
        "name": "Barbeque Nation",
        "url": "https://www.zomato.com/kolkata/barbeque-nation-park-street-area?utm_source=api_basic_user&utm_medium=api&utm_campaign=v2.1",
        "location": {
          "address": "24, 1st Floor, Park Center Building, Park Street Area, Kolkata",
          "locality": "Park Street Area",
          "city": "Kolkata",
          "city_id": 2,
          "latitude": "22.5510837417",
          "longitude": "88.3541271463",
          "zipcode": "",
          "country_id": 1,
          "locality_verbose": "Park Street Area, Kolkata"
        },
        "switch_to_order_menu": 0,
        "cuisines": "North Indian, Chinese",
        "average_cost_for_two": 1600,
        "price_range": 3,
        "currency": "Rs.",
        "offers": [],
        "thumb": "https://b.zmtcdn.com/data/pictures/chains/2/20842/b53d903894e2fe2e49ca0e8671e40546_featured_v2.jpg",
        "user_rating": {
          "aggregate_rating": "4.9",
          "rating_text": "Excellent",
          "rating_color": "3F7E00",
          "votes": "1664"
        },
        "photos_url": "https://www.zomato.com/kolkata/barbeque-nation-park-street-area/photos?utm_source=api_basic_user&utm_medium=api&utm_campaign=v2.1#tabtop",
        "menu_url": "https://www.zomato.com/kolkata/barbeque-nation-park-street-area/menu?utm_source=api_basic_user&utm_medium=api&utm_campaign=v2.1&openSwipeBox=menu&showMinimal=1#tabtop",
        "featured_image": "https://b.zmtcdn.com/data/pictures/chains/2/20842/b53d903894e2fe2e49ca0e8671e40546_featured_v2.jpg",
        "has_online_delivery": 0,
        "is_delivering_now": 0,
        "deeplink": "zomato://restaurant/25570",
        "has_table_booking": 0,
        "events_url": "https://www.zomato.com/kolkata/barbeque-nation-park-street-area/events#tabtop?utm_source=api_basic_user&utm_medium=api&utm_campaign=v2.1",
        "establishment_types": []
      }
    },
    {
      "restaurant": {
        "R": {
          "res_id": 20002
        },
        "apikey": "17c54ee1c83130dcb0acbe2b56d4896f",
        "id": "20002",
        "name": "6 Ballygunge Place",
        "url": "https://www.zomato.com/kolkata/6-ballygunge-place-ballygunge?utm_source=api_basic_user&utm_medium=api&utm_campaign=v2.1",
        "location": {
          "address": "6, Ballygunge Place, Ballygunge, Kolkata",
          "locality": "Ballygunge",
          "city": "Kolkata",
          "city_id": 2,
          "latitude": "22.5278931461",
          "longitude": "88.3686281741",
          "zipcode": "0",
          "country_id": 1,
          "locality_verbose": "Ballygunge, Kolkata"
        },
        "switch_to_order_menu": 0,
        "cuisines": "Bengali",
        "average_cost_for_two": 1000,
        "price_range": 3,
        "currency": "Rs.",
        "offers": [],
        "thumb": "https://b.zmtcdn.com/data/pictures/2/20002/030e968ac3c0f86e37439b1e408675c4_featured_v2.jpg",
        "user_rating": {
          "aggregate_rating": "4.5",
          "rating_text": "Excellent",
          "rating_color": "3F7E00",
          "votes": "1728"
        },
        "photos_url": "https://www.zomato.com/kolkata/6-ballygunge-place-ballygunge/photos?utm_source=api_basic_user&utm_medium=api&utm_campaign=v2.1#tabtop",
        "menu_url": "https://www.zomato.com/kolkata/6-ballygunge-place-ballygunge/menu?utm_source=api_basic_user&utm_medium=api&utm_campaign=v2.1&openSwipeBox=menu&showMinimal=1#tabtop",
        "featured_image": "https://b.zmtcdn.com/data/pictures/2/20002/030e968ac3c0f86e37439b1e408675c4_featured_v2.jpg",
        "has_online_delivery": 0,
        "is_delivering_now": 0,
        "deeplink": "zomato://restaurant/20002",
        "has_table_booking": 1,
        "book_url": "https://www.zomato.com/kolkata/6-ballygunge-place-ballygunge/book?utm_source=api_basic_user&utm_medium=api&utm_campaign=v2.1",
        "events_url": "https://www.zomato.com/kolkata/6-ballygunge-place-ballygunge/events#tabtop?utm_source=api_basic_user&utm_medium=api&utm_campaign=v2.1",
        "establishment_types": []
      }
    },
    {
      "restaurant": {
        "R": {
          "res_id": 18017612
        },
        "apikey": "17c54ee1c83130dcb0acbe2b56d4896f",
        "id": "18017612",
        "name": "Spice Kraft",
        "url": "https://www.zomato.com/kolkata/spice-kraft-ballygunge?utm_source=api_basic_user&utm_medium=api&utm_campaign=v2.1",
        "location": {
          "address": "54/1/2A, Hazra Road, Ballygunge Phari, Near Hazra Law College, Ballygunge, Kolkata",
          "locality": "Ballygunge",
          "city": "Kolkata",
          "city_id": 2,
          "latitude": "22.5267308662",
          "longitude": "88.3653941005",
          "zipcode": "",
          "country_id": 1,
          "locality_verbose": "Ballygunge, Kolkata"
        },
        "switch_to_order_menu": 0,
        "cuisines": "Continental, Middle Eastern, Asian",
        "average_cost_for_two": 1200,
        "price_range": 3,
        "currency": "Rs.",
        "offers": [],
        "thumb": "https://b.zmtcdn.com/data/pictures/2/18017612/913fd9a8d220821947d29c87320fcfc6_featured_v2.jpg",
        "user_rating": {
          "aggregate_rating": "4.7",
          "rating_text": "Excellent",
          "rating_color": "3F7E00",
          "votes": "1295"
        },
        "photos_url": "https://www.zomato.com/kolkata/spice-kraft-ballygunge/photos?utm_source=api_basic_user&utm_medium=api&utm_campaign=v2.1#tabtop",
        "menu_url": "https://www.zomato.com/kolkata/spice-kraft-ballygunge/menu?utm_source=api_basic_user&utm_medium=api&utm_campaign=v2.1&openSwipeBox=menu&showMinimal=1#tabtop",
        "featured_image": "https://b.zmtcdn.com/data/pictures/2/18017612/913fd9a8d220821947d29c87320fcfc6_featured_v2.jpg",
        "has_online_delivery": 0,
        "is_delivering_now": 0,
        "deeplink": "zomato://restaurant/18017612",
        "has_table_booking": 0,
        "events_url": "https://www.zomato.com/kolkata/spice-kraft-ballygunge/events#tabtop?utm_source=api_basic_user&utm_medium=api&utm_campaign=v2.1",
        "establishment_types": []
      }
    },
    {
      "restaurant": {
        "R": {
          "res_id": 23273
        },
        "apikey": "17c54ee1c83130dcb0acbe2b56d4896f",
        "id": "23273",
        "name": "Oudh 1590",
        "url": "https://www.zomato.com/kolkata/oudh-1590-desapriya-park?utm_source=api_basic_user&utm_medium=api&utm_campaign=v2.1",
        "location": {
          "address": "23/B, Desapriya Park(West), Desapriya Park, Kolkata",
          "locality": "Desapriya Park",
          "city": "Kolkata",
          "city_id": 2,
          "latitude": "22.5185650000",
          "longitude": "88.3502520000",
          "zipcode": "",
          "country_id": 1,
          "locality_verbose": "Desapriya Park, Kolkata"
        },
        "switch_to_order_menu": 0,
        "cuisines": "Mughlai, Awadhi",
        "average_cost_for_two": 1200,
        "price_range": 3,
        "currency": "Rs.",
        "offers": [],
        "thumb": "https://b.zmtcdn.com/data/pictures/3/23273/e5a2345568a71afaaed4daf5aef6cede_featured_v2.jpg",
        "user_rating": {
          "aggregate_rating": "4.3",
          "rating_text": "Very Good",
          "rating_color": "5BA829",
          "votes": "3398"
        },
        "photos_url": "https://www.zomato.com/kolkata/oudh-1590-desapriya-park/photos?utm_source=api_basic_user&utm_medium=api&utm_campaign=v2.1#tabtop",
        "menu_url": "https://www.zomato.com/kolkata/oudh-1590-desapriya-park/menu?utm_source=api_basic_user&utm_medium=api&utm_campaign=v2.1&openSwipeBox=menu&showMinimal=1#tabtop",
        "featured_image": "https://b.zmtcdn.com/data/pictures/3/23273/e5a2345568a71afaaed4daf5aef6cede_featured_v2.jpg",
        "has_online_delivery": 1,
        "is_delivering_now": 0,
        "deeplink": "zomato://restaurant/23273",
        "has_table_booking": 0,
        "events_url": "https://www.zomato.com/kolkata/oudh-1590-desapriya-park/events#tabtop?utm_source=api_basic_user&utm_medium=api&utm_campaign=v2.1",
        "establishment_types": []
      }
    },
    {
      "restaurant": {
        "R": {
          "res_id": 24286
        },
        "apikey": "17c54ee1c83130dcb0acbe2b56d4896f",
        "id": "24286",
        "name": "The Irish House",
        "url": "https://www.zomato.com/kolkata/the-irish-house-ballygunge?utm_source=api_basic_user&utm_medium=api&utm_campaign=v2.1",
        "location": {
          "address": "5th Floor, Quest Mall, 33, Syed Ali Amir Avenue, Ballygunge, Kolkata",
          "locality": "Quest Mall, Ballygunge",
          "city": "Kolkata",
          "city_id": 2,
          "latitude": "22.5391289434",
          "longitude": "88.3655070886",
          "zipcode": "",
          "country_id": 1,
          "locality_verbose": "Quest Mall, Ballygunge, Kolkata"
        },
        "switch_to_order_menu": 0,
        "cuisines": "European, American",
        "average_cost_for_two": 1900,
        "price_range": 3,
        "currency": "Rs.",
        "offers": [],
        "thumb": "https://b.zmtcdn.com/data/pictures/chains/6/24286/7a4b35bc02e6a20512ba7ceea15a39bf_featured_v2.jpg",
        "user_rating": {
          "aggregate_rating": "4.3",
          "rating_text": "Very Good",
          "rating_color": "5BA829",
          "votes": "2149"
        },
        "photos_url": "https://www.zomato.com/kolkata/the-irish-house-ballygunge/photos?utm_source=api_basic_user&utm_medium=api&utm_campaign=v2.1#tabtop",
        "menu_url": "https://www.zomato.com/kolkata/the-irish-house-ballygunge/menu?utm_source=api_basic_user&utm_medium=api&utm_campaign=v2.1&openSwipeBox=menu&showMinimal=1#tabtop",
        "featured_image": "https://b.zmtcdn.com/data/pictures/chains/6/24286/7a4b35bc02e6a20512ba7ceea15a39bf_featured_v2.jpg",
        "has_online_delivery": 0,
        "is_delivering_now": 0,
        "deeplink": "zomato://restaurant/24286",
        "has_table_booking": 0,
        "events_url": "https://www.zomato.com/kolkata/the-irish-house-ballygunge/events#tabtop?utm_source=api_basic_user&utm_medium=api&utm_campaign=v2.1",
        "establishment_types": []
      }
    },
    {
      "restaurant": {
        "R": {
          "res_id": 20350
        },
        "apikey": "17c54ee1c83130dcb0acbe2b56d4896f",
        "id": "20350",
        "name": "Mocambo",
        "url": "https://www.zomato.com/kolkata/mocambo-park-street-area?utm_source=api_basic_user&utm_medium=api&utm_campaign=v2.1",
        "location": {
          "address": "25B Park Street, Park Street Area, Kolkata",
          "locality": "Park Street Area",
          "city": "Kolkata",
          "city_id": 2,
          "latitude": "22.5531710107",
          "longitude": "88.3532302827",
          "zipcode": "0",
          "country_id": 1,
          "locality_verbose": "Park Street Area, Kolkata"
        },
        "switch_to_order_menu": 0,
        "cuisines": "Continental, Italian, North Indian",
        "average_cost_for_two": 1050,
        "price_range": 3,
        "currency": "Rs.",
        "offers": [],
        "thumb": "https://b.zmtcdn.com/data/pictures/0/20350/175a59103265680af449838fbf2d7ef5_featured_v2.jpg",
        "user_rating": {
          "aggregate_rating": "3.4",
          "rating_text": "Average",
          "rating_color": "CDD614",
          "votes": "4400"
        },
        "photos_url": "https://www.zomato.com/kolkata/mocambo-park-street-area/photos?utm_source=api_basic_user&utm_medium=api&utm_campaign=v2.1#tabtop",
        "menu_url": "https://www.zomato.com/kolkata/mocambo-park-street-area/menu?utm_source=api_basic_user&utm_medium=api&utm_campaign=v2.1&openSwipeBox=menu&showMinimal=1#tabtop",
        "featured_image": "https://b.zmtcdn.com/data/pictures/0/20350/175a59103265680af449838fbf2d7ef5_featured_v2.jpg",
        "has_online_delivery": 1,
        "is_delivering_now": 1,
        "deeplink": "zomato://restaurant/20350",
        "order_url": "https://www.zomato.com/kolkata/mocambo-park-street-area/order?utm_source=api_basic_user&utm_medium=api&utm_campaign=v2.1",
        "order_deeplink": "",
        "has_table_booking": 0,
        "events_url": "https://www.zomato.com/kolkata/mocambo-park-street-area/events#tabtop?utm_source=api_basic_user&utm_medium=api&utm_campaign=v2.1",
        "establishment_types": []
      }
    },
    {
      "restaurant": {
        "R": {
          "res_id": 21212
        },
        "apikey": "17c54ee1c83130dcb0acbe2b56d4896f",
        "id": "21212",
        "name": "Flurys",
        "url": "https://www.zomato.com/kolkata/flurys-park-street-area?utm_source=api_basic_user&utm_medium=api&utm_campaign=v2.1",
        "location": {
          "address": "18, Park Street Area, Kolkata",
          "locality": "Park Street Area",
          "city": "Kolkata",
          "city_id": 2,
          "latitude": "22.5528180257",
          "longitude": "88.3525329083",
          "zipcode": "0",
          "country_id": 1,
          "locality_verbose": "Park Street Area, Kolkata"
        },
        "switch_to_order_menu": 0,
        "cuisines": "Cafe, Continental, Bakery, Desserts",
        "average_cost_for_two": 1350,
        "price_range": 3,
        "currency": "Rs.",
        "offers": [],
        "thumb": "https://b.zmtcdn.com/data/pictures/2/21212/8388bae315634fbf57f44ddcaf49f3e7_featured_v2.jpg",
        "user_rating": {
          "aggregate_rating": "3.9",
          "rating_text": "Good",
          "rating_color": "9ACD32",
          "votes": "2942"
        },
        "photos_url": "https://www.zomato.com/kolkata/flurys-park-street-area/photos?utm_source=api_basic_user&utm_medium=api&utm_campaign=v2.1#tabtop",
        "menu_url": "https://www.zomato.com/kolkata/flurys-park-street-area/menu?utm_source=api_basic_user&utm_medium=api&utm_campaign=v2.1&openSwipeBox=menu&showMinimal=1#tabtop",
        "featured_image": "https://b.zmtcdn.com/data/pictures/2/21212/8388bae315634fbf57f44ddcaf49f3e7_featured_v2.jpg",
        "has_online_delivery": 1,
        "is_delivering_now": 0,
        "deeplink": "zomato://restaurant/21212",
        "has_table_booking": 0,
        "events_url": "https://www.zomato.com/kolkata/flurys-park-street-area/events#tabtop?utm_source=api_basic_user&utm_medium=api&utm_campaign=v2.1",
        "establishment_types": []
      }
    },
    {
      "restaurant": {
        "R": {
          "res_id": 24537
        },
        "apikey": "17c54ee1c83130dcb0acbe2b56d4896f",
        "id": "24537",
        "name": "Jaisalmer",
        "url": "https://www.zomato.com/kolkata/jaisalmer-sector-5-salt-lake?utm_source=api_basic_user&utm_medium=api&utm_campaign=v2.1",
        "location": {
          "address": "Podium Floor, Globsyn Crystal, EP & GP Block, Sector 5, Salt Lake",
          "locality": "Globsyn Crystals, Sector 5",
          "city": "Kolkata",
          "city_id": 2,
          "latitude": "22.5718819466",
          "longitude": "88.4332231432",
          "zipcode": "",
          "country_id": 1,
          "locality_verbose": "Globsyn Crystals, Sector 5, Kolkata"
        },
        "switch_to_order_menu": 0,
        "cuisines": "North Indian, Chinese",
        "average_cost_for_two": 900,
        "price_range": 2,
        "currency": "Rs.",
        "offers": [],
        "thumb": "https://b.zmtcdn.com/data/pictures/7/24537/ae83341c726964f325462255b04056fc_featured_v2.jpg",
        "user_rating": {
          "aggregate_rating": "3.6",
          "rating_text": "Good",
          "rating_color": "9ACD32",
          "votes": "1362"
        },
        "photos_url": "https://www.zomato.com/kolkata/jaisalmer-sector-5-salt-lake/photos?utm_source=api_basic_user&utm_medium=api&utm_campaign=v2.1#tabtop",
        "menu_url": "https://www.zomato.com/kolkata/jaisalmer-sector-5-salt-lake/menu?utm_source=api_basic_user&utm_medium=api&utm_campaign=v2.1&openSwipeBox=menu&showMinimal=1#tabtop",
        "featured_image": "https://b.zmtcdn.com/data/pictures/7/24537/ae83341c726964f325462255b04056fc_featured_v2.jpg",
        "has_online_delivery": 1,
        "is_delivering_now": 1,
        "deeplink": "zomato://restaurant/24537",
        "order_url": "https://www.zomato.com/kolkata/jaisalmer-sector-5-salt-lake/order?utm_source=api_basic_user&utm_medium=api&utm_campaign=v2.1",
        "order_deeplink": "",
        "has_table_booking": 1,
        "book_url": "https://www.zomato.com/kolkata/jaisalmer-sector-5-salt-lake/book?utm_source=api_basic_user&utm_medium=api&utm_campaign=v2.1",
        "events_url": "https://www.zomato.com/kolkata/jaisalmer-sector-5-salt-lake/events#tabtop?utm_source=api_basic_user&utm_medium=api&utm_campaign=v2.1",
        "establishment_types": []
      }
    },
    {
      "restaurant": {
        "R": {
          "res_id": 23729
        },
        "apikey": "17c54ee1c83130dcb0acbe2b56d4896f",
        "id": "23729",
        "name": "Chili's Grill & Bar",
        "url": "https://www.zomato.com/kolkata/chilis-grill-bar-ballygunge?utm_source=api_basic_user&utm_medium=api&utm_campaign=v2.1",
        "location": {
          "address": "4th Floor, Quest Mall, 33, Syed Ali Amir Avenue, Ballygunge, Kolkata",
          "locality": "Quest Mall, Ballygunge",
          "city": "Kolkata",
          "city_id": 2,
          "latitude": "22.5391190340",
          "longitude": "88.3655161411",
          "zipcode": "",
          "country_id": 1,
          "locality_verbose": "Quest Mall, Ballygunge, Kolkata"
        },
        "switch_to_order_menu": 0,
        "cuisines": "American, Mexican, Italian, Burger",
        "average_cost_for_two": 1700,
        "price_range": 3,
        "currency": "Rs.",
        "offers": [],
        "zomato_events": [
          {
            "event": {
              "event_id": 103975,
              "friendly_start_date": "01 February",
              "friendly_end_date": "28 February",
              "start_date": "2017-02-01",
              "end_date": "2017-02-28",
              "end_time": "23:30:00",
              "start_time": "12:00:00",
              "is_active": 1,
              "date_added": "2017-02-01 11:13:26",
              "photos": [
                {
                  "photo": {
                    "url": "https://b.zmtcdn.com/data/zomato_events/photos/49e/c079e8521ccb3433eceb183e806ac49e_1485927806.jpg",
                    "thumb_url": "https://b.zmtcdn.com/data/zomato_events/photos/49e/c079e8521ccb3433eceb183e806ac49e_1485927806.jpg?fit=around%7C100%3A100&crop=100%3A100%3B%2A%2C%2A",
                    "order": 0,
                    "md5sum": "c079e8521ccb3433eceb183e806ac49e",
                    "photo_id": 167730,
                    "uuid": 1485927786299668,
                    "type": "NORMAL"
                  }
                }
              ],
              "restaurants": [],
              "is_valid": 1,
              "share_url": "http://www.zoma.to/r/23729",
              "title": "Drink Today | Ride Tomorrow",
              "description": "#Kolkata! Chili's has the perfect contest for you. Come on over to Chili's Kolkata & get a chance to ride away with a spectacular prize. ",
              "display_time": "12:00 pm - 11:30 pm",
              "display_date": "01 February - 28 February",
              "is_end_time_set": 1,
              "disclaimer": "Restaurants are solely responsible for the service; availability and quality of the events including all or any cancellations/ modifications/ complaints.",
              "event_category": 0,
              "event_category_name": "",
              "book_link": ""
            }
          }
        ],
        "thumb": "https://b.zmtcdn.com/data/pictures/9/23729/3b22a1556ecdef504d250cfedc21e186_featured_v2.jpg",
        "user_rating": {
          "aggregate_rating": "4.5",
          "rating_text": "Excellent",
          "rating_color": "3F7E00",
          "votes": "3392"
        },
        "photos_url": "https://www.zomato.com/kolkata/chilis-grill-bar-ballygunge/photos?utm_source=api_basic_user&utm_medium=api&utm_campaign=v2.1#tabtop",
        "menu_url": "https://www.zomato.com/kolkata/chilis-grill-bar-ballygunge/menu?utm_source=api_basic_user&utm_medium=api&utm_campaign=v2.1&openSwipeBox=menu&showMinimal=1#tabtop",
        "featured_image": "https://b.zmtcdn.com/data/pictures/9/23729/3b22a1556ecdef504d250cfedc21e186_featured_v2.jpg",
        "has_online_delivery": 1,
        "is_delivering_now": 1,
        "deeplink": "zomato://restaurant/23729",
        "order_url": "https://www.zomato.com/kolkata/chilis-grill-bar-ballygunge/order?utm_source=api_basic_user&utm_medium=api&utm_campaign=v2.1",
        "order_deeplink": "",
        "has_table_booking": 1,
        "book_url": "https://www.zomato.com/kolkata/chilis-grill-bar-ballygunge/book?utm_source=api_basic_user&utm_medium=api&utm_campaign=v2.1",
        "events_url": "https://www.zomato.com/kolkata/chilis-grill-bar-ballygunge/events#tabtop?utm_source=api_basic_user&utm_medium=api&utm_campaign=v2.1",
        "establishment_types": []
      }
    },
    {
      "restaurant": {
        "R": {
          "res_id": 20747
        },
        "apikey": "17c54ee1c83130dcb0acbe2b56d4896f",
        "id": "20747",
        "name": "India Restaurant",
        "url": "https://www.zomato.com/kolkata/india-restaurant-kidderpore?utm_source=api_basic_user&utm_medium=api&utm_campaign=v2.1",
        "location": {
          "address": "34, Karl Marx Sarani, Kidderpore, Kolkata",
          "locality": "Kidderpore",
          "city": "Kolkata",
          "city_id": 2,
          "latitude": "22.5389561490",
          "longitude": "88.3221783489",
          "zipcode": "700023",
          "country_id": 1,
          "locality_verbose": "Kidderpore, Kolkata"
        },
        "switch_to_order_menu": 0,
        "cuisines": "Biryani, North Indian, Chinese, Mughlai",
        "average_cost_for_two": 800,
        "price_range": 2,
        "currency": "Rs.",
        "offers": [],
        "thumb": "https://b.zmtcdn.com/data/pictures/7/20747/72d888f04564fe8c1c846e091fd5a4da_featured_v2.jpg",
        "user_rating": {
          "aggregate_rating": "4.5",
          "rating_text": "Excellent",
          "rating_color": "3F7E00",
          "votes": "1155"
        },
        "photos_url": "https://www.zomato.com/kolkata/india-restaurant-kidderpore/photos?utm_source=api_basic_user&utm_medium=api&utm_campaign=v2.1#tabtop",
        "menu_url": "https://www.zomato.com/kolkata/india-restaurant-kidderpore/menu?utm_source=api_basic_user&utm_medium=api&utm_campaign=v2.1&openSwipeBox=menu&showMinimal=1#tabtop",
        "featured_image": "https://b.zmtcdn.com/data/pictures/7/20747/72d888f04564fe8c1c846e091fd5a4da_featured_v2.jpg",
        "has_online_delivery": 1,
        "is_delivering_now": 1,
        "deeplink": "zomato://restaurant/20747",
        "order_url": "https://www.zomato.com/kolkata/india-restaurant-kidderpore/order?utm_source=api_basic_user&utm_medium=api&utm_campaign=v2.1",
        "order_deeplink": "",
        "has_table_booking": 1,
        "book_url": "https://www.zomato.com/kolkata/india-restaurant-kidderpore/book?utm_source=api_basic_user&utm_medium=api&utm_campaign=v2.1",
        "events_url": "https://www.zomato.com/kolkata/india-restaurant-kidderpore/events#tabtop?utm_source=api_basic_user&utm_medium=api&utm_campaign=v2.1",
        "establishment_types": []
      }
    },
    {
      "restaurant": {
        "R": {
          "res_id": 24530
        },
        "apikey": "17c54ee1c83130dcb0acbe2b56d4896f",
        "id": "24530",
        "name": "Santa's Fantasea",
        "url": "https://www.zomato.com/kolkata/santas-fantasea-golpark?utm_source=api_basic_user&utm_medium=api&utm_campaign=v2.1",
        "location": {
          "address": "9, Ballygunge Terrace, Near Anjali Jewellers, Golpark, Kolkata",
          "locality": "Golpark",
          "city": "Kolkata",
          "city_id": 2,
          "latitude": "22.5150818224",
          "longitude": "88.3678302169",
          "zipcode": "",
          "country_id": 1,
          "locality_verbose": "Golpark, Kolkata"
        },
        "switch_to_order_menu": 0,
        "cuisines": "Seafood, Chinese",
        "average_cost_for_two": 800,
        "price_range": 2,
        "currency": "Rs.",
        "offers": [],
        "thumb": "https://b.zmtcdn.com/data/pictures/chains/0/24530/de94f2de4e7a40b5359146bbef22d8ad_featured_v2.jpg",
        "user_rating": {
          "aggregate_rating": "4.2",
          "rating_text": "Very Good",
          "rating_color": "5BA829",
          "votes": "2516"
        },
        "photos_url": "https://www.zomato.com/kolkata/santas-fantasea-golpark/photos?utm_source=api_basic_user&utm_medium=api&utm_campaign=v2.1#tabtop",
        "menu_url": "https://www.zomato.com/kolkata/santas-fantasea-golpark/menu?utm_source=api_basic_user&utm_medium=api&utm_campaign=v2.1&openSwipeBox=menu&showMinimal=1#tabtop",
        "featured_image": "https://b.zmtcdn.com/data/pictures/chains/0/24530/de94f2de4e7a40b5359146bbef22d8ad_featured_v2.jpg",
        "has_online_delivery": 0,
        "is_delivering_now": 0,
        "deeplink": "zomato://restaurant/24530",
        "has_table_booking": 0,
        "events_url": "https://www.zomato.com/kolkata/santas-fantasea-golpark/events#tabtop?utm_source=api_basic_user&utm_medium=api&utm_campaign=v2.1",
        "establishment_types": []
      }
    },
    {
      "restaurant": {
        "R": {
          "res_id": 25628
        },
        "apikey": "17c54ee1c83130dcb0acbe2b56d4896f",
        "id": "25628",
        "name": "Oudh 1590",
        "url": "https://www.zomato.com/kolkata/oudh-1590-sector-1-salt-lake?utm_source=api_basic_user&utm_medium=api&utm_campaign=v2.1",
        "location": {
          "address": "CD 86, Near Seva Hospital, Sector 1, Salt Lake",
          "locality": "Sector 1, Salt Lake",
          "city": "Kolkata",
          "city_id": 2,
          "latitude": "22.5920882545",
          "longitude": "88.4119042754",
          "zipcode": "",
          "country_id": 1,
          "locality_verbose": "Sector 1, Salt Lake, Kolkata"
        },
        "switch_to_order_menu": 0,
        "cuisines": "Mughlai, Awadhi",
        "average_cost_for_two": 1200,
        "price_range": 3,
        "currency": "Rs.",
        "offers": [],
        "thumb": "https://b.zmtcdn.com/data/pictures/8/25628/6715097783d34ada3f49a571b5b5a7b9_featured_v2.jpg",
        "user_rating": {
          "aggregate_rating": "4.3",
          "rating_text": "Very Good",
          "rating_color": "5BA829",
          "votes": "1583"
        },
        "photos_url": "https://www.zomato.com/kolkata/oudh-1590-sector-1-salt-lake/photos?utm_source=api_basic_user&utm_medium=api&utm_campaign=v2.1#tabtop",
        "menu_url": "https://www.zomato.com/kolkata/oudh-1590-sector-1-salt-lake/menu?utm_source=api_basic_user&utm_medium=api&utm_campaign=v2.1&openSwipeBox=menu&showMinimal=1#tabtop",
        "featured_image": "https://b.zmtcdn.com/data/pictures/8/25628/6715097783d34ada3f49a571b5b5a7b9_featured_v2.jpg",
        "has_online_delivery": 1,
        "is_delivering_now": 0,
        "deeplink": "zomato://restaurant/25628",
        "has_table_booking": 0,
        "events_url": "https://www.zomato.com/kolkata/oudh-1590-sector-1-salt-lake/events#tabtop?utm_source=api_basic_user&utm_medium=api&utm_campaign=v2.1",
        "establishment_types": []
      }
    },
    {
      "restaurant": {
        "R": {
          "res_id": 24760
        },
        "apikey": "17c54ee1c83130dcb0acbe2b56d4896f",
        "id": "24760",
        "name": "Fly Kouzina",
        "url": "https://www.zomato.com/kolkata/fly-kouzina-sector-1-salt-lake?utm_source=api_basic_user&utm_medium=api&utm_campaign=v2.1",
        "location": {
          "address": "AD 73, Near BD Market Bus Stop, Sector 1, Salt Lake",
          "locality": "Sector 1, Salt Lake",
          "city": "Kolkata",
          "city_id": 2,
          "latitude": "22.5952858496",
          "longitude": "88.4060040861",
          "zipcode": "700064",
          "country_id": 1,
          "locality_verbose": "Sector 1, Salt Lake, Kolkata"
        },
        "switch_to_order_menu": 0,
        "cuisines": "Continental, North Indian, Chinese",
        "average_cost_for_two": 1100,
        "price_range": 3,
        "currency": "Rs.",
        "offers": [],
        "thumb": "https://b.zmtcdn.com/data/pictures/0/24760/bc07a12bd91bbc84dc93c6d9e85f5de3_featured_v2.jpg",
        "user_rating": {
          "aggregate_rating": "3.9",
          "rating_text": "Good",
          "rating_color": "9ACD32",
          "votes": "705"
        },
        "photos_url": "https://www.zomato.com/kolkata/fly-kouzina-sector-1-salt-lake/photos?utm_source=api_basic_user&utm_medium=api&utm_campaign=v2.1#tabtop",
        "menu_url": "https://www.zomato.com/kolkata/fly-kouzina-sector-1-salt-lake/menu?utm_source=api_basic_user&utm_medium=api&utm_campaign=v2.1&openSwipeBox=menu&showMinimal=1#tabtop",
        "featured_image": "https://b.zmtcdn.com/data/pictures/0/24760/bc07a12bd91bbc84dc93c6d9e85f5de3_featured_v2.jpg",
        "has_online_delivery": 1,
        "is_delivering_now": 1,
        "deeplink": "zomato://restaurant/24760",
        "order_url": "https://www.zomato.com/kolkata/fly-kouzina-sector-1-salt-lake/order?utm_source=api_basic_user&utm_medium=api&utm_campaign=v2.1",
        "order_deeplink": "",
        "has_table_booking": 1,
        "book_url": "https://www.zomato.com/kolkata/fly-kouzina-sector-1-salt-lake/book?utm_source=api_basic_user&utm_medium=api&utm_campaign=v2.1",
        "events_url": "https://www.zomato.com/kolkata/fly-kouzina-sector-1-salt-lake/events#tabtop?utm_source=api_basic_user&utm_medium=api&utm_campaign=v2.1",
        "establishment_types": []
      }
    },
    {
      "restaurant": {
        "R": {
          "res_id": 20852
        },
        "apikey": "17c54ee1c83130dcb0acbe2b56d4896f",
        "id": "20852",
        "name": "Afraa Restaurant And Lounge",
        "url": "https://www.zomato.com/kolkata/afraa-restaurant-and-lounge-sector-1-salt-lake?utm_source=api_basic_user&utm_medium=api&utm_campaign=v2.1",
        "location": {
          "address": "6th & 7th Floor, Block G, City Centre 1, Sector 1, Salt Lake",
          "locality": "City Centre 1, Sector 1, Salt Lake",
          "city": "Kolkata",
          "city_id": 2,
          "latitude": "22.5875745000",
          "longitude": "88.4078559000",
          "zipcode": "700064",
          "country_id": 1,
          "locality_verbose": "City Centre 1, Sector 1, Salt Lake, Kolkata"
        },
        "switch_to_order_menu": 0,
        "cuisines": "Continental, Italian, Mediterranean",
        "average_cost_for_two": 1800,
        "price_range": 3,
        "currency": "Rs.",
        "offers": [],
        "zomato_events": [
          {
            "event": {
              "event_id": 55661,
              "friendly_start_date": "04 January",
              "friendly_end_date": "31 December",
              "start_date": "2017-01-04",
              "end_date": "2017-12-31",
              "end_time": "15:00:00",
              "start_time": "12:30:00",
              "is_active": 1,
              "date_added": "2016-01-05 15:07:02",
              "photos": [
                {
                  "photo": {
                    "url": "https://b.zmtcdn.com/data/zomato_events/photos/ee5/473b9ff7adf78123bc14f14d3f5c7ee5_1474214482.jpg",
                    "thumb_url": "https://b.zmtcdn.com/data/zomato_events/photos/ee5/473b9ff7adf78123bc14f14d3f5c7ee5_1474214482.jpg?fit=around%7C100%3A100&crop=100%3A100%3B%2A%2C%2A",
                    "order": 0,
                    "md5sum": "473b9ff7adf78123bc14f14d3f5c7ee5",
                    "photo_id": 135946,
                    "uuid": 14396534754,
                    "type": "FEATURED"
                  }
                }
              ],
              "restaurants": [],
              "is_valid": 1,
              "share_url": "http://www.zoma.to/r/20852",
              "title": "Regular Lunch Buffet with Complimentary Drink",
              "description": "Come & enjoy our range of delectable lavish buffet lunch with complimentary drinks only at Afraa Restaurant|12:30pm-3pm|Monday to Saturday..\nRSVP: #9748031000",
              "display_time": "12:30 pm - 03:00 pm",
              "display_date": "04 January - 31 December",
              "is_end_time_set": 1,
              "disclaimer": "Restaurants are solely responsible for the service; availability and quality of the events including all or any cancellations/ modifications/ complaints.",
              "event_category": 1,
              "event_category_name": "",
              "book_link": ""
            }
          },
          {
            "event": {
              "event_id": 55824,
              "friendly_start_date": "04 January",
              "friendly_end_date": "31 December",
              "start_date": "2017-01-04",
              "end_date": "2017-12-31",
              "end_time": "16:00:00",
              "start_time": "12:30:00",
              "is_active": 1,
              "date_added": "2016-01-07 20:03:38",
              "photos": [
                {
                  "photo": {
                    "url": "https://b.zmtcdn.com/data/zomato_events/photos/685/019c0b7937e885e9d3b9bfac51cda685_1485603064.jpg",
                    "thumb_url": "https://b.zmtcdn.com/data/zomato_events/photos/685/019c0b7937e885e9d3b9bfac51cda685_1485603064.jpg?fit=around%7C100%3A100&crop=100%3A100%3B%2A%2C%2A",
                    "order": 0,
                    "md5sum": "019c0b7937e885e9d3b9bfac51cda685",
                    "photo_id": 166718,
                    "uuid": 3005266840,
                    "type": "FEATURED"
                  }
                }
              ],
              "restaurants": [],
              "is_valid": 1,
              "share_url": "http://www.zoma.to/r/20852",
              "title": "Sunday Brunch with Unlimited Drinks",
              "description": "Enjoy our range of delectable Lavish Brunch with Unlimited Complimentary Drinks|12:30pm-4pm|All Sundays\n\nRSVP: #9748031000",
              "display_time": "12:30 pm - 04:00 pm",
              "display_date": "04 January - 31 December",
              "is_end_time_set": 1,
              "disclaimer": "Restaurants are solely responsible for the service; availability and quality of the events including all or any cancellations/ modifications/ complaints.",
              "event_category": 1,
              "event_category_name": "",
              "book_link": ""
            }
          },
          {
            "event": {
              "event_id": 66020,
              "friendly_start_date": "04 January",
              "friendly_end_date": "31 December",
              "start_date": "2017-01-04",
              "end_date": "2017-12-31",
              "end_time": "20:00:00",
              "start_time": "12:30:00",
              "is_active": 1,
              "date_added": "2016-04-20 14:51:55",
              "photos": [
                {
                  "photo": {
                    "url": "https://b.zmtcdn.com/data/zomato_events/photos/a47/22d546a2a7007c9153065746e6ccca47_1461144115.jpg",
                    "thumb_url": "https://b.zmtcdn.com/data/zomato_events/photos/a47/22d546a2a7007c9153065746e6ccca47_1461144115.jpg?fit=around%7C100%3A100&crop=100%3A100%3B%2A%2C%2A",
                    "order": 0,
                    "md5sum": "22d546a2a7007c9153065746e6ccca47",
                    "photo_id": 116638,
                    "uuid": 43972434902,
                    "type": "FEATURED"
                  }
                }
              ],
              "restaurants": [],
              "is_valid": 1,
              "share_url": "http://www.zoma.to/r/20852",
              "title": "Happy Hour",
              "description": "Come and enjoy Happy Hour on drinks* everyday from 12:30pm until 8pm only at Afraa Restaurant & Lounge.",
              "display_time": "12:30 pm - 08:00 pm",
              "display_date": "04 January - 31 December",
              "is_end_time_set": 1,
              "disclaimer": "Restaurants are solely responsible for the service; availability and quality of the events including all or any cancellations/ modifications/ complaints.",
              "event_category": 1,
              "event_category_name": "",
              "book_link": ""
            }
          },
          {
            "event": {
              "event_id": 72309,
              "friendly_start_date": "04 January",
              "friendly_end_date": "31 December",
              "start_date": "2017-01-04",
              "end_date": "2017-12-31",
              "end_time": "23:30:00",
              "start_time": "12:30:00",
              "is_active": 1,
              "date_added": "2016-06-25 21:45:46",
              "photos": [
                {
                  "photo": {
                    "url": "https://b.zmtcdn.com/data/zomato_events/photos/fc4/84c1af5caf4144d5fb0aa889d0034fc4_1484722669.jpg",
                    "thumb_url": "https://b.zmtcdn.com/data/zomato_events/photos/fc4/84c1af5caf4144d5fb0aa889d0034fc4_1484722669.jpg?fit=around%7C100%3A100&crop=100%3A100%3B%2A%2C%2A",
                    "order": 0,
                    "md5sum": "84c1af5caf4144d5fb0aa889d0034fc4",
                    "photo_id": 164383,
                    "uuid": 22602582199,
                    "type": "FEATURED"
                  }
                }
              ],
              "restaurants": [],
              "is_valid": 1,
              "share_url": "http://www.zoma.to/r/20852",
              "title": "Unlimited Gaming Zone",
              "description": "Enjoy your favorite games like Uno, Big Jenga, Dart only at your favorite lounge in the city with Happy Hours until 8pm and exotic Hookah..",
              "display_time": "12:30 pm - 11:30 pm",
              "display_date": "04 January - 31 December",
              "is_end_time_set": 1,
              "disclaimer": "Restaurants are solely responsible for the service; availability and quality of the events including all or any cancellations/ modifications/ complaints.",
              "event_category": 1,
              "event_category_name": "",
              "book_link": ""
            }
          },
          {
            "event": {
              "event_id": 101337,
              "friendly_start_date": "18 January",
              "friendly_end_date": "29 December",
              "start_date": "2017-01-18",
              "end_date": "2017-12-29",
              "end_time": "23:30:00",
              "start_time": "20:00:00",
              "is_active": 1,
              "date_added": "2017-01-18 12:23:03",
              "photos": [
                {
                  "photo": {
                    "url": "https://b.zmtcdn.com/data/zomato_events/photos/e0e/ff98543889f42dade80534491b8a6e0e_1484722383.jpg",
                    "thumb_url": "https://b.zmtcdn.com/data/zomato_events/photos/e0e/ff98543889f42dade80534491b8a6e0e_1484722383.jpg?fit=around%7C100%3A100&crop=100%3A100%3B%2A%2C%2A",
                    "order": 0,
                    "md5sum": "ff98543889f42dade80534491b8a6e0e",
                    "photo_id": 164382,
                    "uuid": 22364599336,
                    "type": "FEATURED"
                  }
                },
                {
                  "photo": {
                    "url": "https://b.zmtcdn.com/data/zomato_events/photos/0cf/ecea3343d04549f3eb6c8d2322ad90cf_1485603205.jpg",
                    "thumb_url": "https://b.zmtcdn.com/data/zomato_events/photos/0cf/ecea3343d04549f3eb6c8d2322ad90cf_1485603205.jpg?fit=around%7C100%3A100&crop=100%3A100%3B%2A%2C%2A",
                    "order": 1,
                    "md5sum": "ecea3343d04549f3eb6c8d2322ad90cf",
                    "photo_id": 166724,
                    "uuid": 3131544324,
                    "type": "FEATURED"
                  }
                },
                {
                  "photo": {
                    "url": "https://b.zmtcdn.com/data/zomato_events/photos/931/dddf8dd34fd464d9f1e22ef4aee52931_1486066848.jpg",
                    "thumb_url": "https://b.zmtcdn.com/data/zomato_events/photos/931/dddf8dd34fd464d9f1e22ef4aee52931_1486066848.jpg?fit=around%7C100%3A100&crop=100%3A100%3B%2A%2C%2A",
                    "order": 2,
                    "md5sum": "dddf8dd34fd464d9f1e22ef4aee52931",
                    "photo_id": 168430,
                    "uuid": 66840120238,
                    "type": "FEATURED"
                  }
                }
              ],
              "restaurants": [],
              "is_valid": 1,
              "share_url": "http://www.zoma.to/r/20852",
              "title": "Friday Ladies Night",
              "description": "Enjoy Friday Ladies Night at your favorite place in the city with unlimited complimentary beverages for all ladies.....",
              "display_time": "08:00 pm - 11:30 pm",
              "display_date": "18 January - 29 December",
              "is_end_time_set": 1,
              "disclaimer": "Restaurants are solely responsible for the service; availability and quality of the events including all or any cancellations/ modifications/ complaints.",
              "event_category": 1,
              "event_category_name": "",
              "book_link": ""
            }
          }
        ],
        "thumb": "https://b.zmtcdn.com/data/pictures/2/20852/7789f3fa8bd9b4088ffeb8ee29585e93_featured_v2.jpg",
        "user_rating": {
          "aggregate_rating": "4.1",
          "rating_text": "Very Good",
          "rating_color": "5BA829",
          "votes": "1686"
        },
        "photos_url": "https://www.zomato.com/kolkata/afraa-restaurant-and-lounge-sector-1-salt-lake/photos?utm_source=api_basic_user&utm_medium=api&utm_campaign=v2.1#tabtop",
        "menu_url": "https://www.zomato.com/kolkata/afraa-restaurant-and-lounge-sector-1-salt-lake/menu?utm_source=api_basic_user&utm_medium=api&utm_campaign=v2.1&openSwipeBox=menu&showMinimal=1#tabtop",
        "featured_image": "https://b.zmtcdn.com/data/pictures/2/20852/7789f3fa8bd9b4088ffeb8ee29585e93_featured_v2.jpg",
        "has_online_delivery": 0,
        "is_delivering_now": 0,
        "deeplink": "zomato://restaurant/20852",
        "has_table_booking": 1,
        "book_url": "https://www.zomato.com/kolkata/afraa-restaurant-and-lounge-sector-1-salt-lake/book?utm_source=api_basic_user&utm_medium=api&utm_campaign=v2.1",
        "events_url": "https://www.zomato.com/kolkata/afraa-restaurant-and-lounge-sector-1-salt-lake/events#tabtop?utm_source=api_basic_user&utm_medium=api&utm_campaign=v2.1",
        "establishment_types": []
      }
    },
    {
      "restaurant": {
        "R": {
          "res_id": 24452
        },
        "apikey": "17c54ee1c83130dcb0acbe2b56d4896f",
        "id": "24452",
        "name": "Sigree Global Grill",
        "url": "https://www.zomato.com/kolkata/sigree-global-grill-science-city-area?utm_source=api_basic_user&utm_medium=api&utm_campaign=v2.1",
        "location": {
          "address": "1st Floor, Silver Spring Arcade, EM Bypass, Science City Area, Kolkata",
          "locality": "Silver Spring Arcade, Science City Area",
          "city": "Kolkata",
          "city_id": 2,
          "latitude": "22.5490998000",
          "longitude": "88.4004673000",
          "zipcode": "",
          "country_id": 1,
          "locality_verbose": "Silver Spring Arcade, Science City Area, Kolkata"
        },
        "switch_to_order_menu": 0,
        "cuisines": "North Indian",
        "average_cost_for_two": 1600,
        "price_range": 3,
        "currency": "Rs.",
        "offers": [],
        "thumb": "https://b.zmtcdn.com/data/pictures/chains/2/24452/ad3800ed2af963c6b173b0edb7b2eccd_featured_v2.jpg",
        "user_rating": {
          "aggregate_rating": "4.1",
          "rating_text": "Very Good",
          "rating_color": "5BA829",
          "votes": "1568"
        },
        "photos_url": "https://www.zomato.com/kolkata/sigree-global-grill-science-city-area/photos?utm_source=api_basic_user&utm_medium=api&utm_campaign=v2.1#tabtop",
        "menu_url": "https://www.zomato.com/kolkata/sigree-global-grill-science-city-area/menu?utm_source=api_basic_user&utm_medium=api&utm_campaign=v2.1&openSwipeBox=menu&showMinimal=1#tabtop",
        "featured_image": "https://b.zmtcdn.com/data/pictures/chains/2/24452/ad3800ed2af963c6b173b0edb7b2eccd_featured_v2.jpg",
        "has_online_delivery": 0,
        "is_delivering_now": 0,
        "deeplink": "zomato://restaurant/24452",
        "has_table_booking": 1,
        "book_url": "https://www.zomato.com/kolkata/sigree-global-grill-science-city-area/book?utm_source=api_basic_user&utm_medium=api&utm_campaign=v2.1",
        "events_url": "https://www.zomato.com/kolkata/sigree-global-grill-science-city-area/events#tabtop?utm_source=api_basic_user&utm_medium=api&utm_campaign=v2.1",
        "establishment_types": []
      }
    },
    {
      "restaurant": {
        "R": {
          "res_id": 21636
        },
        "apikey": "17c54ee1c83130dcb0acbe2b56d4896f",
        "id": "21636",
        "name": "Blue And Beyond",
        "url": "https://www.zomato.com/kolkata/blue-and-beyond-new-market-area?utm_source=api_basic_user&utm_medium=api&utm_campaign=v2.1",
        "location": {
          "address": "The Lindsay, 8A & 8B, Lindsay Street, New Market Area, Kolkata",
          "locality": "Hotel Lindsay, New Market",
          "city": "Kolkata",
          "city_id": 2,
          "latitude": "22.5591537000",
          "longitude": "88.3525257000",
          "zipcode": "700087",
          "country_id": 1,
          "locality_verbose": "Hotel Lindsay, New Market, Kolkata"
        },
        "switch_to_order_menu": 0,
        "cuisines": "Continental, North Indian, Chinese, Kebab, Thai",
        "average_cost_for_two": 1600,
        "price_range": 3,
        "currency": "Rs.",
        "offers": [],
        "zomato_events": [
          {
            "event": {
              "event_id": 108428,
              "friendly_start_date": "17 February",
              "friendly_end_date": "28 February",
              "start_date": "2017-02-17",
              "end_date": "2017-02-28",
              "end_time": "22:30:00",
              "start_time": "13:00:00",
              "is_active": 1,
              "date_added": "2017-02-17 18:32:07",
              "photos": [
                {
                  "photo": {
                    "url": "https://b.zmtcdn.com/data/zomato_events/photos/6a4/f84d3a9ce1211ce278c1d7af40c716a4_1487336527.jpg",
                    "thumb_url": "https://b.zmtcdn.com/data/zomato_events/photos/6a4/f84d3a9ce1211ce278c1d7af40c716a4_1487336527.jpg?fit=around%7C100%3A100&crop=100%3A100%3B%2A%2C%2A",
                    "order": 0,
                    "md5sum": "f84d3a9ce1211ce278c1d7af40c716a4",
                    "photo_id": 173555,
                    "uuid": 1487336552246524,
                    "type": "NORMAL"
                  }
                }
              ],
              "restaurants": [],
              "is_valid": 1,
              "share_url": "http://www.zoma.to/r/21636",
              "title": "Febuary Special discounts",
              "description": "Double the joy with the scrumptious delights at special discount! Drop in at our Happy Hours, Monday to Sunday, from 1:30pm onwards, relish the delicious extravaganza! Valid till 28th of Feb 2017 T&C Applied*\r\n#HappyHours #Discounts #BlueAndBeyond #RooftopRestroBar #Beverages #Bar #Party #Hangout #Food #Delicious #Restaurant",
              "display_time": "01:00 pm - 10:30 pm",
              "display_date": "17 February - 28 February",
              "is_end_time_set": 1,
              "disclaimer": "Restaurants are solely responsible for the service; availability and quality of the events including all or any cancellations/ modifications/ complaints.",
              "event_category": 0,
              "event_category_name": "",
              "book_link": ""
            }
          }
        ],
        "thumb": "https://b.zmtcdn.com/data/pictures/6/21636/8ffec4fe199042177f1f9299369ac1cd_featured_v2.jpg",
        "user_rating": {
          "aggregate_rating": "3.7",
          "rating_text": "Good",
          "rating_color": "9ACD32",
          "votes": "1280"
        },
        "photos_url": "https://www.zomato.com/kolkata/blue-and-beyond-new-market-area/photos?utm_source=api_basic_user&utm_medium=api&utm_campaign=v2.1#tabtop",
        "menu_url": "https://www.zomato.com/kolkata/blue-and-beyond-new-market-area/menu?utm_source=api_basic_user&utm_medium=api&utm_campaign=v2.1&openSwipeBox=menu&showMinimal=1#tabtop",
        "featured_image": "https://b.zmtcdn.com/data/pictures/6/21636/8ffec4fe199042177f1f9299369ac1cd_featured_v2.jpg",
        "has_online_delivery": 1,
        "is_delivering_now": 1,
        "deeplink": "zomato://restaurant/21636",
        "order_url": "https://www.zomato.com/kolkata/blue-and-beyond-new-market-area/order?utm_source=api_basic_user&utm_medium=api&utm_campaign=v2.1",
        "order_deeplink": "",
        "has_table_booking": 0,
        "events_url": "https://www.zomato.com/kolkata/blue-and-beyond-new-market-area/events#tabtop?utm_source=api_basic_user&utm_medium=api&utm_campaign=v2.1",
        "establishment_types": []
      }
    }
  ]
}